,Age,Cabin,Embarked,Fare,Fsize,PassengerId,Pclass,Sex,Died,Survived
0,22,M,S,7.25,2,1,3,male,Dead,0
1,38,C,C,71.2833,2,2,1,female,Alive,1
2,26,M,S,7.925,1,3,3,female,Alive,1
3,35,C,S,53.1,2,4,1,female,Alive,1
4,35,M,S,8.05,1,5,3,male,Dead,0
5,29,M,Q,8.4583,1,6,3,male,Dead,0
6,54,E,S,51.8625,1,7,1,male,Dead,0
7,2,M,S,21.075,5,8,3,male,Dead,0
8,27,M,S,11.1333,3,9,3,female,Alive,1
9,14,M,C,30.0708,2,10,2,female,Alive,1
10,4,G,S,16.7,3,11,3,female,Alive,1
11,58,C,S,26.55,1,12,1,female,Alive,1
12,20,M,S,8.05,1,13,3,male,Dead,0
13,39,M,S,31.275,7,14,3,male,Dead,0
14,14,M,S,7.8542,1,15,3,female,Dead,0
15,55,M,S,16.0,1,16,2,female,Alive,1
16,2,M,Q,29.125,6,17,3,male,Dead,0
17,29,M,S,13.0,1,18,2,male,Alive,1
18,31,M,S,18.0,2,19,3,female,Dead,0
19,29,M,C,7.225,1,20,3,female,Alive,1
20,35,M,S,26.0,1,21,2,male,Dead,0
21,34,D,S,13.0,1,22,2,male,Alive,1
22,15,M,Q,8.0292,1,23,3,female,Alive,1
23,28,A,S,35.5,1,24,1,male,Alive,1
24,8,M,S,21.075,5,25,3,female,Dead,0
25,38,M,S,31.3875,7,26,3,female,Alive,1
26,29,M,C,7.225,1,27,3,male,Dead,0
27,19,C,S,263.0,6,28,1,male,Dead,0
28,29,M,Q,7.8792,1,29,3,female,Alive,1
29,29,M,S,7.8958,1,30,3,male,Dead,0
30,40,M,C,27.7208,1,31,1,male,Dead,0
31,29,B,C,146.5208,2,32,1,female,Alive,1
32,29,M,Q,7.75,1,33,3,female,Alive,1
33,66,M,S,10.5,1,34,2,male,Dead,0
34,28,M,C,82.1708,2,35,1,male,Dead,0
35,42,M,S,52.0,2,36,1,male,Dead,0
36,29,M,C,7.2292,1,37,3,male,Alive,1
37,21,M,S,8.05,1,38,3,male,Dead,0
38,18,M,S,18.0,3,39,3,female,Dead,0
39,14,M,C,11.2417,2,40,3,female,Alive,1
40,40,M,S,9.475,2,41,3,female,Dead,0
41,27,M,S,21.0,2,42,2,female,Dead,0
42,29,M,C,7.8958,1,43,3,male,Dead,0
43,3,M,C,41.5792,4,44,2,female,Alive,1
44,19,M,Q,7.8792,1,45,3,female,Alive,1
45,29,M,S,8.05,1,46,3,male,Dead,0
46,29,M,Q,15.5,2,47,3,male,Dead,0
47,29,M,Q,7.75,1,48,3,female,Alive,1
48,29,M,C,21.6792,3,49,3,male,Dead,0
49,18,M,S,17.8,2,50,3,female,Dead,0
50,7,M,S,39.6875,6,51,3,male,Dead,0
51,21,M,S,7.8,1,52,3,male,Dead,0
52,49,D,C,76.7292,2,53,1,female,Alive,1
53,29,M,S,26.0,2,54,2,female,Alive,1
54,65,B,C,61.9792,2,55,1,male,Dead,0
55,29,C,S,35.5,1,56,1,male,Alive,1
56,21,M,S,10.5,1,57,2,female,Alive,1
57,28,M,C,7.2292,1,58,3,male,Dead,0
58,5,M,S,27.75,4,59,2,female,Alive,1
59,11,M,S,46.9,8,60,3,male,Dead,0
60,22,M,C,7.2292,1,61,3,male,Dead,0
61,38,B,S,80.0,1,62,1,female,Alive,1
62,45,C,S,83.475,2,63,1,male,Dead,0
63,4,M,S,27.9,6,64,3,male,Dead,0
64,29,M,C,27.7208,1,65,1,male,Dead,0
65,29,M,C,15.2458,3,66,3,male,Alive,1
66,29,F,S,10.5,1,67,2,female,Alive,1
67,19,M,S,8.1583,1,68,3,male,Dead,0
68,17,M,S,7.925,7,69,3,female,Alive,1
69,26,M,S,8.6625,3,70,3,male,Dead,0
70,32,M,S,10.5,1,71,2,male,Dead,0
71,16,M,S,46.9,8,72,3,female,Dead,0
72,21,M,S,73.5,1,73,2,male,Dead,0
73,26,M,C,14.4542,2,74,3,male,Dead,0
74,32,M,S,56.4958,1,75,3,male,Alive,1
75,25,F,S,7.65,1,76,3,male,Dead,0
76,29,M,S,7.8958,1,77,3,male,Dead,0
77,29,M,S,8.05,1,78,3,male,Dead,0
78,0,M,S,29.0,3,79,2,male,Alive,1
79,30,M,S,12.475,1,80,3,female,Alive,1
80,22,M,S,9.0,1,81,3,male,Dead,0
81,29,M,S,9.5,1,82,3,male,Alive,1
82,29,M,Q,7.7875,1,83,3,female,Alive,1
83,28,M,S,47.1,1,84,1,male,Dead,0
84,17,M,S,10.5,1,85,2,female,Alive,1
85,33,M,S,15.85,4,86,3,female,Alive,1
86,16,M,S,34.375,5,87,3,male,Dead,0
87,29,M,S,8.05,1,88,3,male,Dead,0
88,23,C,S,263.0,6,89,1,female,Alive,1
89,24,M,S,8.05,1,90,3,male,Dead,0
90,29,M,S,8.05,1,91,3,male,Dead,0
91,20,M,S,7.8542,1,92,3,male,Dead,0
92,46,E,S,61.175,2,93,1,male,Dead,0
93,26,M,S,20.575,4,94,3,male,Dead,0
94,59,M,S,7.25,1,95,3,male,Dead,0
95,29,M,S,8.05,1,96,3,male,Dead,0
96,71,A,C,34.6542,1,97,1,male,Dead,0
97,23,D,C,63.3583,2,98,1,male,Alive,1
98,34,M,S,23.0,2,99,2,female,Alive,1
99,34,M,S,26.0,2,100,2,male,Dead,0
100,28,M,S,7.8958,1,101,3,female,Dead,0
101,29,M,S,7.8958,1,102,3,male,Dead,0
102,21,D,S,77.2875,2,103,1,male,Dead,0
103,33,M,S,8.6542,1,104,3,male,Dead,0
104,37,M,S,7.925,3,105,3,male,Dead,0
105,28,M,S,7.8958,1,106,3,male,Dead,0
106,21,M,S,7.65,1,107,3,female,Alive,1
107,29,M,S,7.775,1,108,3,male,Alive,1
108,38,M,S,7.8958,1,109,3,male,Dead,0
109,29,M,Q,24.15,2,110,3,female,Alive,1
110,47,C,S,52.0,1,111,1,male,Dead,0
111,14,M,C,14.4542,2,112,3,female,Dead,0
112,22,M,S,8.05,1,113,3,male,Dead,0
113,20,M,S,9.825,2,114,3,female,Dead,0
114,17,M,C,14.4583,1,115,3,female,Dead,0
115,21,M,S,7.925,1,116,3,male,Dead,0
116,70,M,Q,7.75,1,117,3,male,Dead,0
117,29,M,S,21.0,2,118,2,male,Dead,0
118,24,B,C,247.5208,2,119,1,male,Dead,0
119,2,M,S,31.275,7,120,3,female,Dead,0
120,21,M,S,73.5,3,121,2,male,Dead,0
121,29,M,S,8.05,1,122,3,male,Dead,0
122,32,M,C,30.0708,2,123,2,male,Dead,0
123,32,E,S,13.0,1,124,2,female,Alive,1
124,54,D,S,77.2875,2,125,1,male,Dead,0
125,12,M,C,11.2417,2,126,3,male,Alive,1
126,29,M,Q,7.75,1,127,3,male,Dead,0
127,24,M,S,7.1417,1,128,3,male,Alive,1
128,29,F,C,22.3583,3,129,3,female,Alive,1
129,45,M,S,6.975,1,130,3,male,Dead,0
130,33,M,C,7.8958,1,131,3,male,Dead,0
131,20,M,S,7.05,1,132,3,male,Dead,0
132,47,M,S,14.5,2,133,3,female,Dead,0
133,29,M,S,26.0,2,134,2,female,Alive,1
134,25,M,S,13.0,1,135,2,male,Dead,0
135,23,M,C,15.0458,1,136,2,male,Dead,0
136,19,D,S,26.2833,3,137,1,female,Alive,1
137,37,C,S,53.1,2,138,1,male,Dead,0
138,16,M,S,9.2167,1,139,3,male,Dead,0
139,24,B,C,79.2,1,140,1,male,Dead,0
140,29,M,C,15.2458,3,141,3,female,Dead,0
141,22,M,S,7.75,1,142,3,female,Alive,1
142,24,M,S,15.85,2,143,3,female,Alive,1
143,19,M,Q,6.75,1,144,3,male,Dead,0
144,18,M,S,11.5,1,145,2,male,Dead,0
145,19,M,S,36.75,3,146,2,male,Dead,0
146,27,M,S,7.7958,1,147,3,male,Alive,1
147,9,M,S,34.375,5,148,3,female,Dead,0
148,36,F,S,26.0,3,149,2,male,Dead,0
149,42,M,S,13.0,1,150,2,male,Dead,0
150,51,M,S,12.525,1,151,2,male,Dead,0
151,22,C,S,66.6,2,152,1,female,Alive,1
152,55,M,S,8.05,1,153,3,male,Dead,0
153,40,M,S,14.5,3,154,3,male,Dead,0
154,29,M,S,7.3125,1,155,3,male,Dead,0
155,51,M,C,61.3792,2,156,1,male,Dead,0
156,16,M,Q,7.7333,1,157,3,female,Alive,1
157,30,M,S,8.05,1,158,3,male,Dead,0
158,29,M,S,8.6625,1,159,3,male,Dead,0
159,29,M,S,69.55,11,160,3,male,Dead,0
160,44,M,S,16.1,2,161,3,male,Dead,0
161,40,M,S,15.75,1,162,2,female,Alive,1
162,26,M,S,7.775,1,163,3,male,Dead,0
163,17,M,S,8.6625,1,164,3,male,Dead,0
164,1,M,S,39.6875,6,165,3,male,Dead,0
165,9,M,S,20.525,3,166,3,male,Alive,1
166,29,E,S,55.0,2,167,1,female,Alive,1
167,45,M,S,27.9,6,168,3,female,Dead,0
168,29,M,S,25.925,1,169,1,male,Dead,0
169,28,M,S,56.4958,1,170,3,male,Dead,0
170,61,B,S,33.5,1,171,1,male,Dead,0
171,4,M,Q,29.125,6,172,3,male,Dead,0
172,1,M,S,11.1333,3,173,3,female,Alive,1
173,21,M,S,7.925,1,174,3,male,Dead,0
174,56,A,C,30.6958,1,175,1,male,Dead,0
175,18,M,S,7.8542,3,176,3,male,Dead,0
176,29,M,S,25.4667,5,177,3,male,Dead,0
177,50,C,C,28.7125,1,178,1,female,Dead,0
178,30,M,S,13.0,1,179,2,male,Dead,0
179,36,M,S,0.0,1,180,3,male,Dead,0
180,29,M,S,69.55,11,181,3,female,Dead,0
181,29,M,C,15.05,1,182,2,male,Dead,0
182,9,M,S,31.3875,7,183,3,male,Dead,0
183,1,F,S,39.0,4,184,2,male,Alive,1
184,4,M,S,22.025,3,185,3,female,Alive,1
185,29,A,S,50.0,1,186,1,male,Dead,0
186,29,M,Q,15.5,2,187,3,female,Alive,1
187,45,M,S,26.55,1,188,1,male,Alive,1
188,40,M,Q,15.5,3,189,3,male,Dead,0
189,36,M,S,7.8958,1,190,3,male,Dead,0
190,32,M,S,13.0,1,191,2,female,Alive,1
191,19,M,S,13.0,1,192,2,male,Dead,0
192,19,M,S,7.8542,2,193,3,female,Alive,1
193,3,F,S,26.0,3,194,2,male,Alive,1
194,44,B,C,27.7208,1,195,1,female,Alive,1
195,58,B,C,146.5208,1,196,1,female,Alive,1
196,29,M,Q,7.75,1,197,3,male,Dead,0
197,42,M,S,8.4042,2,198,3,male,Dead,0
198,29,M,Q,7.75,1,199,3,female,Alive,1
199,24,M,S,13.0,1,200,2,female,Dead,0
200,28,M,S,9.5,1,201,3,male,Dead,0
201,29,M,S,69.55,11,202,3,male,Dead,0
202,34,M,S,6.4958,1,203,3,male,Dead,0
203,45,M,C,7.225,1,204,3,male,Dead,0
204,18,M,S,8.05,1,205,3,male,Alive,1
205,2,G,S,10.4625,2,206,3,female,Dead,0
206,32,M,S,15.85,2,207,3,male,Dead,0
207,26,M,C,18.7875,1,208,3,male,Alive,1
208,16,M,Q,7.75,1,209,3,female,Alive,1
209,40,A,C,31.0,1,210,1,male,Alive,1
210,24,M,S,7.05,1,211,3,male,Dead,0
211,35,M,S,21.0,1,212,2,female,Alive,1
212,22,M,S,7.25,1,213,3,male,Dead,0
213,30,M,S,13.0,1,214,2,male,Dead,0
214,29,M,Q,7.75,2,215,3,male,Dead,0
215,31,D,C,113.275,2,216,1,female,Alive,1
216,27,M,S,7.925,1,217,3,female,Alive,1
217,42,M,S,27.0,2,218,2,male,Dead,0
218,32,D,C,76.2917,1,219,1,female,Alive,1
219,30,M,S,10.5,1,220,2,male,Dead,0
220,16,M,S,8.05,1,221,3,male,Alive,1
221,27,M,S,13.0,1,222,2,male,Dead,0
222,51,M,S,8.05,1,223,3,male,Dead,0
223,29,M,S,7.8958,1,224,3,male,Dead,0
224,38,C,S,90.0,2,225,1,male,Alive,1
225,22,M,S,9.35,1,226,3,male,Dead,0
226,19,M,S,10.5,1,227,2,male,Alive,1
227,20,M,S,7.25,1,228,3,male,Dead,0
228,18,M,S,13.0,1,229,2,male,Dead,0
229,29,M,S,25.4667,5,230,3,female,Dead,0
230,35,C,S,83.475,2,231,1,female,Alive,1
231,29,M,S,7.775,1,232,3,male,Dead,0
232,59,M,S,13.5,1,233,2,male,Dead,0
233,5,M,S,31.3875,7,234,3,female,Alive,1
234,24,M,S,10.5,1,235,2,male,Dead,0
235,29,M,S,7.55,1,236,3,female,Dead,0
236,44,M,S,26.0,2,237,2,male,Dead,0
237,8,M,S,26.25,3,238,2,female,Alive,1
238,19,M,S,10.5,1,239,2,male,Dead,0
239,33,M,S,12.275,1,240,2,male,Dead,0
240,29,M,C,14.4542,2,241,3,female,Dead,0
241,29,M,Q,15.5,2,242,3,female,Alive,1
242,29,M,S,10.5,1,243,2,male,Dead,0
243,22,M,S,7.125,1,244,3,male,Dead,0
244,30,M,C,7.225,1,245,3,male,Dead,0
245,44,C,Q,90.0,3,246,1,male,Dead,0
246,25,M,S,7.775,1,247,3,female,Dead,0
247,24,M,S,14.5,3,248,2,female,Alive,1
248,37,D,S,52.5542,3,249,1,male,Alive,1
249,54,M,S,26.0,2,250,2,male,Dead,0
250,29,M,S,7.25,1,251,3,male,Dead,0
251,29,G,S,10.4625,3,252,3,female,Dead,0
252,62,C,S,26.55,1,253,1,male,Dead,0
253,30,M,S,16.1,2,254,3,male,Dead,0
254,41,M,S,20.2125,3,255,3,female,Dead,0
255,29,M,C,15.2458,3,256,3,female,Alive,1
256,29,M,C,79.2,1,257,1,female,Alive,1
257,30,B,S,86.5,1,258,1,female,Alive,1
258,35,M,C,512.3292,1,259,1,female,Alive,1
259,50,M,S,26.0,2,260,2,female,Alive,1
260,29,M,Q,7.75,1,261,3,male,Dead,0
261,3,M,S,31.3875,7,262,3,male,Alive,1
262,52,E,S,79.65,3,263,1,male,Dead,0
263,40,B,S,0.0,1,264,1,male,Dead,0
264,29,M,Q,7.75,1,265,3,female,Dead,0
265,36,M,S,10.5,1,266,2,male,Dead,0
266,16,M,S,39.6875,6,267,3,male,Dead,0
267,25,M,S,7.775,2,268,3,male,Alive,1
268,58,C,S,153.4625,2,269,1,female,Alive,1
269,35,C,S,135.6333,1,270,1,female,Alive,1
270,29,M,S,31.0,1,271,1,male,Dead,0
271,25,M,S,0.0,1,272,3,male,Alive,1
272,41,M,S,19.5,2,273,2,female,Alive,1
273,37,C,C,29.7,2,274,1,male,Dead,0
274,29,M,Q,7.75,1,275,3,female,Alive,1
275,63,D,S,77.9583,2,276,1,female,Alive,1
276,45,M,S,7.75,1,277,3,female,Dead,0
277,29,M,S,0.0,1,278,2,male,Dead,0
278,7,M,Q,29.125,6,279,3,male,Dead,0
279,35,M,S,20.25,3,280,3,female,Alive,1
280,65,M,Q,7.75,1,281,3,male,Dead,0
281,28,M,S,7.8542,1,282,3,male,Dead,0
282,16,M,S,9.5,1,283,3,male,Dead,0
283,19,M,S,8.05,1,284,3,male,Alive,1
284,29,A,S,26.0,1,285,1,male,Dead,0
285,33,M,C,8.6625,1,286,3,male,Dead,0
286,30,M,S,9.5,1,287,3,male,Alive,1
287,22,M,S,7.8958,1,288,3,male,Dead,0
288,42,M,S,13.0,1,289,2,male,Alive,1
289,22,M,Q,7.75,1,290,3,female,Alive,1
290,26,M,S,78.85,1,291,1,female,Alive,1
291,19,B,C,91.0792,2,292,1,female,Alive,1
292,36,D,C,12.875,1,293,2,male,Dead,0
293,24,M,S,8.85,1,294,3,female,Dead,0
294,24,M,S,7.8958,1,295,3,male,Dead,0
295,29,M,C,27.7208,1,296,1,male,Dead,0
296,23,M,C,7.2292,1,297,3,male,Dead,0
297,2,C,S,151.55,4,298,1,female,Dead,0
298,29,C,S,30.5,1,299,1,male,Alive,1
299,50,B,C,247.5208,2,300,1,female,Alive,1
300,29,M,Q,7.75,1,301,3,female,Alive,1
301,29,M,Q,23.25,3,302,3,male,Alive,1
302,19,M,S,0.0,1,303,3,male,Dead,0
303,29,E,Q,12.35,1,304,2,female,Alive,1
304,29,M,S,8.05,1,305,3,male,Dead,0
305,0,C,S,151.55,4,306,1,male,Alive,1
306,29,M,C,110.8833,1,307,1,female,Alive,1
307,17,C,C,108.9,2,308,1,female,Alive,1
308,30,M,C,24.0,2,309,2,male,Dead,0
309,30,E,C,56.9292,1,310,1,female,Alive,1
310,24,C,C,83.1583,1,311,1,female,Alive,1
311,18,B,C,262.375,5,312,1,female,Alive,1
312,26,M,S,26.0,3,313,2,female,Dead,0
313,28,M,S,7.8958,1,314,3,male,Dead,0
314,43,M,S,26.25,3,315,2,male,Dead,0
315,26,M,S,7.8542,1,316,3,female,Alive,1
316,24,M,S,26.0,2,317,2,female,Alive,1
317,54,M,S,14.0,1,318,2,male,Dead,0
318,31,C,S,164.8667,3,319,1,female,Alive,1
319,40,E,C,134.5,3,320,1,female,Alive,1
320,22,M,S,7.25,1,321,3,male,Dead,0
321,27,M,S,7.8958,1,322,3,male,Dead,0
322,30,M,Q,12.35,1,323,2,female,Alive,1
323,22,M,S,29.0,3,324,2,female,Alive,1
324,29,M,S,69.55,11,325,3,male,Dead,0
325,36,C,C,135.6333,1,326,1,female,Alive,1
326,61,M,S,6.2375,1,327,3,male,Dead,0
327,36,D,S,13.0,1,328,2,female,Alive,1
328,31,M,S,20.525,3,329,3,female,Alive,1
329,16,B,C,57.9792,2,330,1,female,Alive,1
330,29,M,Q,23.25,3,331,3,female,Alive,1
331,45,C,S,28.5,1,332,1,male,Dead,0
332,38,C,S,153.4625,2,333,1,male,Dead,0
333,16,M,S,18.0,3,334,3,male,Dead,0
334,29,M,S,133.65,2,335,1,female,Alive,1
335,29,M,S,7.8958,1,336,3,male,Dead,0
336,29,C,S,66.6,2,337,1,male,Dead,0
337,41,E,C,134.5,1,338,1,female,Alive,1
338,45,M,S,8.05,1,339,3,male,Alive,1
339,45,T,S,35.5,1,340,1,male,Dead,0
340,2,F,S,26.0,3,341,2,male,Alive,1
341,24,C,S,263.0,6,342,1,female,Alive,1
342,28,M,S,13.0,1,343,2,male,Dead,0
343,25,M,S,13.0,1,344,2,male,Dead,0
344,36,M,S,13.0,1,345,2,male,Dead,0
345,24,F,S,13.0,1,346,2,female,Alive,1
346,40,M,S,13.0,1,347,2,female,Alive,1
347,29,M,S,16.1,2,348,3,female,Alive,1
348,3,M,S,15.9,3,349,3,male,Alive,1
349,42,M,S,8.6625,1,350,3,male,Dead,0
350,23,M,S,9.225,1,351,3,male,Dead,0
351,29,C,S,35.0,1,352,1,male,Dead,0
352,15,M,C,7.2292,3,353,3,male,Dead,0
353,25,M,S,17.8,2,354,3,male,Dead,0
354,29,M,C,7.225,1,355,3,male,Dead,0
355,28,M,S,9.5,1,356,3,male,Dead,0
356,22,E,S,55.0,2,357,1,female,Alive,1
357,38,M,S,13.0,1,358,2,female,Dead,0
358,29,M,Q,7.8792,1,359,3,female,Alive,1
359,29,M,Q,7.8792,1,360,3,female,Alive,1
360,40,M,S,27.9,6,361,3,male,Dead,0
361,29,M,C,27.7208,2,362,2,male,Dead,0
362,45,M,C,14.4542,2,363,3,female,Dead,0
363,35,M,S,7.05,1,364,3,male,Dead,0
364,29,M,Q,15.5,2,365,3,male,Dead,0
365,30,M,S,7.25,1,366,3,male,Dead,0
366,60,D,C,75.25,2,367,1,female,Alive,1
367,29,M,C,7.2292,1,368,3,female,Alive,1
368,29,M,Q,7.75,1,369,3,female,Alive,1
369,24,B,C,69.3,1,370,1,female,Alive,1
370,25,E,C,55.4417,2,371,1,male,Alive,1
371,18,M,S,6.4958,2,372,3,male,Dead,0
372,19,M,S,8.05,1,373,3,male,Dead,0
373,22,M,C,135.6333,1,374,1,male,Dead,0
374,3,M,S,21.075,5,375,3,female,Dead,0
375,29,M,C,82.1708,2,376,1,female,Alive,1
376,22,M,S,7.25,1,377,3,female,Alive,1
377,27,C,C,211.5,3,378,1,male,Dead,0
378,20,M,C,4.0125,1,379,3,male,Dead,0
379,19,M,S,7.775,1,380,3,male,Dead,0
380,42,M,C,227.525,1,381,1,female,Alive,1
381,1,M,C,15.7417,3,382,3,female,Alive,1
382,32,M,S,7.925,1,383,3,male,Dead,0
383,35,M,S,52.0,2,384,1,female,Alive,1
384,29,M,S,7.8958,1,385,3,male,Dead,0
385,18,M,S,73.5,1,386,2,male,Dead,0
386,1,M,S,46.9,8,387,3,male,Dead,0
387,36,M,S,13.0,1,388,2,female,Alive,1
388,29,M,Q,7.7292,1,389,3,male,Dead,0
389,17,M,C,12.0,1,390,2,female,Alive,1
390,36,B,S,120.0,4,391,1,male,Alive,1
391,21,M,S,7.7958,1,392,3,male,Alive,1
392,28,M,S,7.925,3,393,3,male,Dead,0
393,23,D,C,113.275,2,394,1,female,Alive,1
394,24,G,S,16.7,3,395,3,female,Alive,1
395,22,M,S,7.7958,1,396,3,male,Dead,0
396,31,M,S,7.8542,1,397,3,female,Dead,0
397,46,M,S,26.0,1,398,2,male,Dead,0
398,23,M,S,10.5,1,399,2,male,Dead,0
399,28,M,S,12.65,1,400,2,female,Alive,1
400,39,M,S,7.925,1,401,3,male,Alive,1
401,26,M,S,8.05,1,402,3,male,Dead,0
402,21,M,S,9.825,2,403,3,female,Dead,0
403,28,M,S,15.85,2,404,3,male,Dead,0
404,20,M,S,8.6625,1,405,3,female,Dead,0
405,34,M,S,21.0,2,406,2,male,Dead,0
406,51,M,S,7.75,1,407,3,male,Dead,0
407,3,M,S,18.75,3,408,2,male,Alive,1
408,21,M,S,7.775,1,409,3,male,Dead,0
409,29,M,S,25.4667,5,410,3,female,Dead,0
410,29,M,S,7.8958,1,411,3,male,Dead,0
411,29,M,Q,6.8583,1,412,3,male,Dead,0
412,33,C,Q,90.0,2,413,1,female,Alive,1
413,29,M,S,0.0,1,414,2,male,Dead,0
414,44,M,S,7.925,1,415,3,male,Alive,1
415,29,M,S,8.05,1,416,3,female,Dead,0
416,34,M,S,32.5,3,417,2,female,Alive,1
417,18,M,S,13.0,3,418,2,female,Alive,1
418,30,M,S,13.0,1,419,2,male,Dead,0
419,10,M,S,24.15,3,420,3,female,Dead,0
420,29,M,C,7.8958,1,421,3,male,Dead,0
421,21,M,Q,7.7333,1,422,3,male,Dead,0
422,29,M,S,7.875,1,423,3,male,Dead,0
423,28,M,S,14.4,3,424,3,female,Dead,0
424,18,M,S,20.2125,3,425,3,male,Dead,0
425,29,M,S,7.25,1,426,3,male,Dead,0
426,28,M,S,26.0,2,427,2,female,Alive,1
427,19,M,S,26.0,1,428,2,female,Alive,1
428,29,M,Q,7.75,1,429,3,male,Dead,0
429,32,E,S,8.05,1,430,3,male,Alive,1
430,28,C,S,26.55,1,431,1,male,Alive,1
431,29,M,S,16.1,2,432,3,female,Alive,1
432,42,M,S,26.0,2,433,2,female,Alive,1
433,17,M,S,7.125,1,434,3,male,Dead,0
434,50,E,S,55.9,2,435,1,male,Dead,0
435,14,B,S,120.0,4,436,1,female,Alive,1
436,21,M,S,34.375,5,437,3,female,Dead,0
437,24,M,S,18.75,6,438,2,female,Alive,1
438,64,C,S,263.0,6,439,1,male,Dead,0
439,31,M,S,10.5,1,440,2,male,Dead,0
440,45,M,S,26.25,3,441,2,female,Alive,1
441,20,M,S,9.5,1,442,3,male,Dead,0
442,25,M,S,7.775,2,443,3,male,Dead,0
443,28,M,S,13.0,1,444,2,female,Alive,1
444,29,M,S,8.1125,1,445,3,male,Alive,1
445,4,A,S,81.8583,3,446,1,male,Alive,1
446,13,M,S,19.5,2,447,2,female,Alive,1
447,34,M,S,26.55,1,448,1,male,Alive,1
448,5,M,C,19.2583,4,449,3,female,Alive,1
449,52,C,S,30.5,1,450,1,male,Alive,1
450,36,M,S,27.75,4,451,2,male,Dead,0
451,29,M,S,19.9667,2,452,3,male,Dead,0
452,30,C,C,27.75,1,453,1,male,Dead,0
453,49,C,C,89.1042,2,454,1,male,Alive,1
454,29,M,S,8.05,1,455,3,male,Dead,0
455,29,M,C,7.8958,1,456,3,male,Alive,1
456,65,E,S,26.55,1,457,1,male,Dead,0
457,29,D,S,51.8625,2,458,1,female,Alive,1
458,50,M,S,10.5,1,459,2,female,Alive,1
459,29,M,Q,7.75,1,460,3,male,Dead,0
460,48,E,S,26.55,1,461,1,male,Alive,1
461,34,M,S,8.05,1,462,3,male,Dead,0
462,47,E,S,38.5,1,463,1,male,Dead,0
463,48,M,S,13.0,1,464,2,male,Dead,0
464,29,M,S,8.05,1,465,3,male,Dead,0
465,38,M,S,7.05,1,466,3,male,Dead,0
466,29,M,S,0.0,1,467,2,male,Dead,0
467,56,M,S,26.55,1,468,1,male,Dead,0
468,29,M,Q,7.725,1,469,3,male,Dead,0
469,0,M,C,19.2583,4,470,3,female,Alive,1
470,29,M,S,7.25,1,471,3,male,Dead,0
471,38,M,S,8.6625,1,472,3,male,Dead,0
472,33,M,S,27.75,4,473,2,female,Alive,1
473,23,D,C,13.7917,1,474,2,female,Alive,1
474,22,M,S,9.8375,1,475,3,female,Dead,0
475,29,A,S,52.0,1,476,1,male,Dead,0
476,34,M,S,21.0,2,477,2,male,Dead,0
477,29,M,S,7.0458,2,478,3,male,Dead,0
478,22,M,S,7.5208,1,479,3,male,Dead,0
479,2,M,S,12.2875,2,480,3,female,Alive,1
480,9,M,S,46.9,8,481,3,male,Dead,0
481,29,M,S,0.0,1,482,2,male,Dead,0
482,50,M,S,8.05,1,483,3,male,Dead,0
483,63,M,S,9.5875,1,484,3,female,Alive,1
484,25,B,C,91.0792,2,485,1,male,Alive,1
485,29,M,S,25.4667,5,486,3,female,Dead,0
486,35,C,S,90.0,2,487,1,female,Alive,1
487,58,B,C,29.7,1,488,1,male,Dead,0
488,30,M,S,8.05,1,489,3,male,Dead,0
489,9,M,S,15.9,3,490,3,male,Alive,1
490,29,M,S,19.9667,2,491,3,male,Dead,0
491,21,M,S,7.25,1,492,3,male,Dead,0
492,55,C,S,30.5,1,493,1,male,Dead,0
493,71,M,C,49.5042,1,494,1,male,Dead,0
494,21,M,S,8.05,1,495,3,male,Dead,0
495,29,M,C,14.4583,1,496,3,male,Dead,0
496,54,D,C,78.2667,2,497,1,female,Alive,1
497,29,M,S,15.1,1,498,3,male,Dead,0
498,25,C,S,151.55,4,499,1,female,Dead,0
499,24,M,S,7.7958,1,500,3,male,Dead,0
500,17,M,S,8.6625,1,501,3,male,Dead,0
501,21,M,Q,7.75,1,502,3,female,Dead,0
502,29,M,Q,7.6292,1,503,3,female,Dead,0
503,37,M,S,9.5875,1,504,3,female,Dead,0
504,16,B,S,86.5,1,505,1,female,Alive,1
505,18,C,C,108.9,2,506,1,male,Dead,0
506,33,M,S,26.0,3,507,2,female,Alive,1
507,29,M,S,26.55,1,508,1,male,Alive,1
508,28,M,S,22.525,1,509,3,male,Dead,0
509,26,M,S,56.4958,1,510,3,male,Alive,1
510,29,M,Q,7.75,1,511,3,male,Alive,1
511,29,M,S,8.05,1,512,3,male,Dead,0
512,36,E,S,26.2875,1,513,1,male,Alive,1
513,54,M,C,59.4,2,514,1,female,Alive,1
514,24,M,S,7.4958,1,515,3,male,Dead,0
515,47,D,S,34.0208,1,516,1,male,Dead,0
516,34,F,S,10.5,1,517,2,female,Alive,1
517,29,M,Q,24.15,1,518,3,male,Dead,0
518,36,M,S,26.0,2,519,2,female,Alive,1
519,32,M,S,7.8958,1,520,3,male,Dead,0
520,30,B,S,93.5,1,521,1,female,Alive,1
521,22,M,S,7.8958,1,522,3,male,Dead,0
522,29,M,C,7.225,1,523,3,male,Dead,0
523,44,B,C,57.9792,2,524,1,female,Alive,1
524,29,M,C,7.2292,1,525,3,male,Dead,0
525,40,M,Q,7.75,1,526,3,male,Dead,0
526,50,M,S,10.5,1,527,2,female,Alive,1
527,29,C,S,221.7792,1,528,1,male,Dead,0
528,39,M,S,7.925,1,529,3,male,Dead,0
529,23,M,S,11.5,4,530,2,male,Dead,0
530,2,M,S,26.0,3,531,2,female,Alive,1
531,29,M,C,7.2292,1,532,3,male,Dead,0
532,17,M,C,7.2292,3,533,3,male,Dead,0
533,29,M,C,22.3583,3,534,3,female,Alive,1
534,30,M,S,8.6625,1,535,3,female,Dead,0
535,7,M,S,26.25,3,536,2,female,Alive,1
536,45,B,S,26.55,1,537,1,male,Dead,0
537,30,M,C,106.425,1,538,1,female,Alive,1
538,29,M,S,14.5,1,539,3,male,Dead,0
539,22,B,C,49.5,3,540,1,female,Alive,1
540,36,B,S,71.0,3,541,1,female,Alive,1
541,9,M,S,31.275,7,542,3,female,Dead,0
542,11,M,S,31.275,7,543,3,female,Dead,0
543,32,M,S,26.0,2,544,2,male,Alive,1
544,50,C,C,106.425,2,545,1,male,Dead,0
545,64,M,S,26.0,1,546,1,male,Dead,0
546,19,M,S,26.0,2,547,2,female,Alive,1
547,29,M,C,13.8625,1,548,2,male,Alive,1
548,33,M,S,20.525,3,549,3,male,Dead,0
549,8,M,S,36.75,3,550,2,male,Alive,1
550,17,C,C,110.8833,3,551,1,male,Alive,1
551,27,M,S,26.0,1,552,2,male,Dead,0
552,29,M,Q,7.8292,1,553,3,male,Dead,0
553,22,M,C,7.225,1,554,3,male,Alive,1
554,22,M,S,7.775,1,555,3,female,Alive,1
555,62,M,S,26.55,1,556,1,male,Dead,0
556,48,A,C,39.6,2,557,1,female,Alive,1
557,29,M,C,227.525,1,558,1,male,Dead,0
558,39,E,S,79.65,3,559,1,female,Alive,1
559,36,M,S,17.4,2,560,3,female,Alive,1
560,29,M,Q,7.75,1,561,3,male,Dead,0
561,40,M,S,7.8958,1,562,3,male,Dead,0
562,28,M,S,13.5,1,563,2,male,Dead,0
563,29,M,S,8.05,1,564,3,male,Dead,0
564,29,M,S,8.05,1,565,3,female,Dead,0
565,24,M,S,24.15,3,566,3,male,Dead,0
566,19,M,S,7.8958,1,567,3,male,Dead,0
567,29,M,S,21.075,5,568,3,female,Dead,0
568,29,M,C,7.2292,1,569,3,male,Dead,0
569,32,M,S,7.8542,1,570,3,male,Alive,1
570,62,M,S,10.5,1,571,2,male,Alive,1
571,53,C,S,51.4792,3,572,1,female,Alive,1
572,36,E,S,26.3875,1,573,1,male,Alive,1
573,29,M,Q,7.75,1,574,3,female,Alive,1
574,16,M,S,8.05,1,575,3,male,Dead,0
575,19,M,S,14.5,1,576,3,male,Dead,0
576,34,M,S,13.0,1,577,2,female,Alive,1
577,39,E,S,55.9,2,578,1,female,Alive,1
578,29,M,C,14.4583,2,579,3,female,Dead,0
579,32,M,S,7.925,1,580,3,male,Alive,1
580,25,M,S,30.0,3,581,2,female,Alive,1
581,39,C,C,110.8833,3,582,1,female,Alive,1
582,54,M,S,26.0,1,583,2,male,Dead,0
583,36,A,C,40.125,1,584,1,male,Dead,0
584,29,M,C,8.7125,1,585,3,male,Dead,0
585,18,E,S,79.65,3,586,1,female,Alive,1
586,47,M,S,15.0,1,587,2,male,Dead,0
587,60,B,C,79.2,3,588,1,male,Alive,1
588,22,M,S,8.05,1,589,3,male,Dead,0
589,29,M,S,8.05,1,590,3,male,Dead,0
590,35,M,S,7.125,1,591,3,male,Dead,0
591,52,D,C,78.2667,2,592,1,female,Alive,1
592,47,M,S,7.25,1,593,3,male,Dead,0
593,29,M,Q,7.75,3,594,3,female,Dead,0
594,37,M,S,26.0,2,595,2,male,Dead,0
595,36,M,S,24.15,3,596,3,male,Dead,0
596,29,M,S,33.0,1,597,2,female,Alive,1
597,49,M,S,0.0,1,598,3,male,Dead,0
598,29,M,C,7.225,1,599,3,male,Dead,0
599,49,A,C,56.9292,2,600,1,male,Alive,1
600,24,M,S,27.0,4,601,2,female,Alive,1
601,29,M,S,7.8958,1,602,3,male,Dead,0
602,29,M,S,42.4,1,603,1,male,Dead,0
603,44,M,S,8.05,1,604,3,male,Dead,0
604,35,M,C,26.55,1,605,1,male,Alive,1
605,36,M,S,15.55,2,606,3,male,Dead,0
606,30,M,S,7.8958,1,607,3,male,Dead,0
607,27,M,S,30.5,1,608,1,male,Alive,1
608,22,M,C,41.5792,4,609,2,female,Alive,1
609,40,C,S,153.4625,1,610,1,female,Alive,1
610,39,M,S,31.275,7,611,3,female,Dead,0
611,29,M,S,7.05,1,612,3,male,Dead,0
612,29,M,Q,15.5,2,613,3,female,Alive,1
613,29,M,Q,7.75,1,614,3,male,Dead,0
614,35,M,S,8.05,1,615,3,male,Dead,0
615,24,M,S,65.0,4,616,2,female,Alive,1
616,34,M,S,14.4,3,617,3,male,Dead,0
617,26,M,S,16.1,2,618,3,female,Dead,0
618,4,F,S,39.0,4,619,2,female,Alive,1
619,26,M,S,10.5,1,620,2,male,Dead,0
620,27,M,C,14.4542,2,621,3,male,Dead,0
621,42,D,S,52.5542,2,622,1,male,Alive,1
622,20,M,C,15.7417,3,623,3,male,Alive,1
623,21,M,S,7.8542,1,624,3,male,Dead,0
624,21,M,S,16.1,1,625,3,male,Dead,0
625,61,D,S,32.3208,1,626,1,male,Dead,0
626,57,M,Q,12.35,1,627,2,male,Dead,0
627,21,D,S,77.9583,1,628,1,female,Alive,1
628,26,M,S,7.8958,1,629,3,male,Dead,0
629,29,M,Q,7.7333,1,630,3,male,Dead,0
630,80,A,S,30.0,1,631,1,male,Alive,1
631,51,M,S,7.0542,1,632,3,male,Dead,0
632,32,B,C,30.5,1,633,1,male,Alive,1
633,29,M,S,0.0,1,634,1,male,Dead,0
634,9,M,S,27.9,6,635,3,female,Dead,0
635,28,M,S,13.0,1,636,2,female,Alive,1
636,32,M,S,7.925,1,637,3,male,Dead,0
637,31,M,S,26.25,3,638,2,male,Dead,0
638,41,M,S,39.6875,6,639,3,female,Dead,0
639,29,M,S,16.1,2,640,3,male,Dead,0
640,20,M,S,7.8542,1,641,3,male,Dead,0
641,24,B,C,69.3,1,642,1,female,Alive,1
642,2,M,S,27.9,6,643,3,female,Dead,0
643,29,M,S,56.4958,1,644,3,male,Alive,1
644,0,M,C,19.2583,4,645,3,female,Alive,1
645,48,D,C,76.7292,2,646,1,male,Alive,1
646,19,M,S,7.8958,1,647,3,male,Dead,0
647,56,A,C,35.5,1,648,1,male,Alive,1
648,29,M,S,7.55,1,649,3,male,Dead,0
649,23,M,S,7.55,1,650,3,female,Alive,1
650,29,M,S,7.8958,1,651,3,male,Dead,0
651,18,M,S,23.0,2,652,2,female,Alive,1
652,21,M,S,8.4333,1,653,3,male,Dead,0
653,29,M,Q,7.8292,1,654,3,female,Alive,1
654,18,M,Q,6.75,1,655,3,female,Dead,0
655,24,M,S,73.5,3,656,2,male,Dead,0
656,29,M,S,7.8958,1,657,3,male,Dead,0
657,32,M,Q,15.5,3,658,3,female,Dead,0
658,23,M,S,13.0,1,659,2,male,Dead,0
659,58,D,C,113.275,3,660,1,male,Dead,0
660,50,M,S,133.65,3,661,1,male,Alive,1
661,40,M,C,7.225,1,662,3,male,Dead,0
662,47,E,S,25.5875,1,663,1,male,Dead,0
663,36,M,S,7.4958,1,664,3,male,Dead,0
664,20,M,S,7.925,2,665,3,male,Alive,1
665,32,M,S,73.5,3,666,2,male,Dead,0
666,25,M,S,13.0,1,667,2,male,Dead,0
667,29,M,S,7.775,1,668,3,male,Dead,0
668,43,M,S,8.05,1,669,3,male,Dead,0
669,29,C,S,52.0,2,670,1,female,Alive,1
670,40,M,S,39.0,3,671,2,female,Alive,1
671,31,B,S,52.0,2,672,1,male,Dead,0
672,70,M,S,10.5,1,673,2,male,Dead,0
673,31,M,S,13.0,1,674,2,male,Alive,1
674,29,M,S,0.0,1,675,2,male,Dead,0
675,18,M,S,7.775,1,676,3,male,Dead,0
676,24,M,S,8.05,1,677,3,male,Dead,0
677,18,M,S,9.8417,1,678,3,female,Alive,1
678,43,M,S,46.9,8,679,3,female,Dead,0
679,36,B,C,512.3292,2,680,1,male,Alive,1
680,29,M,Q,8.1375,1,681,3,female,Dead,0
681,27,D,C,76.7292,1,682,1,male,Alive,1
682,20,M,S,9.225,1,683,3,male,Dead,0
683,14,M,S,46.9,8,684,3,male,Dead,0
684,60,M,S,39.0,3,685,2,male,Dead,0
685,25,M,C,41.5792,4,686,2,male,Dead,0
686,14,M,S,39.6875,6,687,3,male,Dead,0
687,19,M,S,10.1708,1,688,3,male,Dead,0
688,18,M,S,7.7958,1,689,3,male,Dead,0
689,15,B,S,211.3375,2,690,1,female,Alive,1
690,31,B,S,57.0,2,691,1,male,Alive,1
691,4,M,C,13.4167,2,692,3,female,Alive,1
692,29,M,S,56.4958,1,693,3,male,Alive,1
693,25,M,C,7.225,1,694,3,male,Dead,0
694,60,M,S,26.55,1,695,1,male,Dead,0
695,52,M,S,13.5,1,696,2,male,Dead,0
696,44,M,S,8.05,1,697,3,male,Dead,0
697,29,M,Q,7.7333,1,698,3,female,Alive,1
698,49,C,C,110.8833,3,699,1,male,Dead,0
699,42,F,S,7.65,1,700,3,male,Dead,0
700,18,C,C,227.525,2,701,1,female,Alive,1
701,35,E,S,26.2875,1,702,1,male,Alive,1
702,18,M,C,14.4542,2,703,3,female,Dead,0
703,25,M,Q,7.7417,1,704,3,male,Dead,0
704,26,M,S,7.8542,2,705,3,male,Dead,0
705,39,M,S,26.0,1,706,2,male,Dead,0
706,45,M,S,13.5,1,707,2,female,Alive,1
707,42,E,S,26.2875,1,708,1,male,Alive,1
708,22,M,S,151.55,1,709,1,female,Alive,1
709,29,M,C,15.2458,3,710,3,male,Alive,1
710,24,C,C,49.5042,1,711,1,female,Alive,1
711,29,C,S,26.55,1,712,1,male,Dead,0
712,48,C,S,52.0,2,713,1,male,Alive,1
713,29,M,S,9.4833,1,714,3,male,Dead,0
714,52,M,S,13.0,1,715,2,male,Dead,0
715,19,F,S,7.65,1,716,3,male,Dead,0
716,38,C,C,227.525,1,717,1,female,Alive,1
717,27,E,S,10.5,1,718,2,female,Alive,1
718,29,M,Q,15.5,1,719,3,male,Dead,0
719,33,M,S,7.775,1,720,3,male,Dead,0
720,6,M,S,33.0,2,721,2,female,Alive,1
721,17,M,S,7.0542,2,722,3,male,Dead,0
722,34,M,S,13.0,1,723,2,male,Dead,0
723,50,M,S,13.0,1,724,2,male,Dead,0
724,27,E,S,53.1,2,725,1,male,Alive,1
725,20,M,S,8.6625,1,726,3,male,Dead,0
726,30,M,S,21.0,4,727,2,female,Alive,1
727,29,M,Q,7.7375,1,728,3,female,Alive,1
728,25,M,S,26.0,2,729,2,male,Dead,0
729,25,M,S,7.925,2,730,3,female,Dead,0
730,29,B,S,211.3375,1,731,1,female,Alive,1
731,11,M,C,18.7875,1,732,3,male,Dead,0
732,29,M,S,0.0,1,733,2,male,Dead,0
733,23,M,S,13.0,1,734,2,male,Dead,0
734,23,M,S,13.0,1,735,2,male,Dead,0
735,28,M,S,16.1,1,736,3,male,Dead,0
736,48,M,S,34.375,5,737,3,female,Dead,0
737,35,B,C,512.3292,1,738,1,male,Alive,1
738,29,M,S,7.8958,1,739,3,male,Dead,0
739,29,M,S,7.8958,1,740,3,male,Dead,0
740,29,D,S,30.0,1,741,1,male,Alive,1
741,36,C,S,78.85,2,742,1,male,Dead,0
742,21,B,C,262.375,5,743,1,female,Alive,1
743,24,M,S,16.1,2,744,3,male,Dead,0
744,31,M,S,7.925,1,745,3,male,Alive,1
745,70,B,S,71.0,3,746,1,male,Dead,0
746,16,M,S,20.25,3,747,3,male,Dead,0
747,30,M,S,13.0,1,748,2,female,Alive,1
748,19,D,S,53.1,2,749,1,male,Dead,0
749,31,M,Q,7.75,1,750,3,male,Dead,0
750,4,M,S,23.0,3,751,2,female,Alive,1
751,6,E,S,12.475,2,752,3,male,Alive,1
752,33,M,S,9.5,1,753,3,male,Dead,0
753,23,M,S,7.8958,1,754,3,male,Dead,0
754,48,M,S,65.0,4,755,2,female,Alive,1
755,0,M,S,14.5,3,756,2,male,Alive,1
756,28,M,S,7.7958,1,757,3,male,Dead,0
757,18,M,S,11.5,1,758,2,male,Dead,0
758,34,M,S,8.05,1,759,3,male,Dead,0
759,33,B,S,86.5,1,760,1,female,Alive,1
760,29,M,S,14.5,1,761,3,male,Dead,0
761,41,M,S,7.125,1,762,3,male,Dead,0
762,20,M,C,7.2292,1,763,3,male,Alive,1
763,36,B,S,120.0,4,764,1,female,Alive,1
764,16,M,S,7.775,1,765,3,male,Dead,0
765,51,D,S,77.9583,2,766,1,female,Alive,1
766,29,M,C,39.6,1,767,1,male,Dead,0
767,30,M,Q,7.75,1,768,3,female,Dead,0
768,29,M,Q,24.15,2,769,3,male,Dead,0
769,32,M,S,8.3625,1,770,3,male,Dead,0
770,24,M,S,9.5,1,771,3,male,Dead,0
771,48,M,S,7.8542,1,772,3,male,Dead,0
772,57,E,S,10.5,1,773,2,female,Dead,0
773,29,M,C,7.225,1,774,3,male,Dead,0
774,54,M,S,23.0,5,775,2,female,Alive,1
775,18,M,S,7.75,1,776,3,male,Dead,0
776,29,F,Q,7.75,1,777,3,male,Dead,0
777,5,M,S,12.475,1,778,3,female,Alive,1
778,29,M,Q,7.7375,1,779,3,male,Dead,0
779,43,B,S,211.3375,2,780,1,female,Alive,1
780,13,M,C,7.2292,1,781,3,female,Alive,1
781,17,B,S,57.0,2,782,1,female,Alive,1
782,29,D,S,30.0,1,783,1,male,Dead,0
783,29,M,S,23.45,4,784,3,male,Dead,0
784,25,M,S,7.05,1,785,3,male,Dead,0
785,25,M,S,7.25,1,786,3,male,Dead,0
786,18,M,S,7.4958,1,787,3,female,Alive,1
787,8,M,Q,29.125,6,788,3,male,Dead,0
788,1,M,S,20.575,4,789,3,male,Alive,1
789,46,B,C,79.2,1,790,1,male,Dead,0
790,29,M,Q,7.75,1,791,3,male,Dead,0
791,16,M,S,26.0,1,792,2,male,Dead,0
792,29,M,S,69.55,11,793,3,female,Dead,0
793,29,M,C,30.6958,1,794,1,male,Dead,0
794,25,M,S,7.8958,1,795,3,male,Dead,0
795,39,M,S,13.0,1,796,2,male,Dead,0
796,49,D,S,25.9292,1,797,1,female,Alive,1
797,31,M,S,8.6833,1,798,3,female,Alive,1
798,30,M,C,7.2292,1,799,3,male,Dead,0
799,30,M,S,24.15,3,800,3,female,Dead,0
800,34,M,S,13.0,1,801,2,male,Dead,0
801,31,M,S,26.25,3,802,2,female,Alive,1
802,11,B,S,120.0,4,803,1,male,Alive,1
803,0,M,C,8.5167,2,804,3,male,Alive,1
804,27,M,S,6.975,1,805,3,male,Alive,1
805,31,M,S,7.775,1,806,3,male,Dead,0
806,39,A,S,0.0,1,807,1,male,Dead,0
807,18,M,S,7.775,1,808,3,female,Dead,0
808,39,M,S,13.0,1,809,2,male,Dead,0
809,33,E,S,53.1,2,810,1,female,Alive,1
810,26,M,S,7.8875,1,811,3,male,Dead,0
811,39,M,S,24.15,1,812,3,male,Dead,0
812,35,M,S,10.5,1,813,2,male,Dead,0
813,6,M,S,31.275,7,814,3,female,Dead,0
814,30,M,S,8.05,1,815,3,male,Dead,0
815,29,B,S,0.0,1,816,1,male,Dead,0
816,23,M,S,7.925,1,817,3,female,Dead,0
817,31,M,C,37.0042,3,818,2,male,Dead,0
818,43,M,S,6.45,1,819,3,male,Dead,0
819,10,M,S,27.9,6,820,3,male,Dead,0
820,52,B,S,93.5,3,821,1,female,Alive,1
821,27,M,S,8.6625,1,822,3,male,Alive,1
822,38,M,S,0.0,1,823,1,male,Dead,0
823,27,E,S,12.475,2,824,3,female,Alive,1
824,2,M,S,39.6875,6,825,3,male,Dead,0
825,29,M,Q,6.95,1,826,3,male,Dead,0
826,29,M,S,56.4958,1,827,3,male,Dead,0
827,1,M,C,37.0042,3,828,2,male,Alive,1
828,29,M,Q,7.75,1,829,3,male,Alive,1
829,62,B,S,80.0,1,830,1,female,Alive,1
830,15,M,C,14.4542,2,831,3,female,Alive,1
831,0,M,S,18.75,3,832,2,male,Alive,1
832,29,M,C,7.2292,1,833,3,male,Dead,0
833,23,M,S,7.8542,1,834,3,male,Dead,0
834,18,M,S,8.3,1,835,3,male,Dead,0
835,39,E,C,83.1583,3,836,1,female,Alive,1
836,21,M,S,8.6625,1,837,3,male,Dead,0
837,29,M,S,8.05,1,838,3,male,Dead,0
838,32,M,S,56.4958,1,839,3,male,Alive,1
839,29,C,C,29.7,1,840,1,male,Alive,1
840,20,M,S,7.925,1,841,3,male,Dead,0
841,16,M,S,10.5,1,842,2,male,Dead,0
842,30,M,C,31.0,1,843,1,female,Alive,1
843,34,M,C,6.4375,1,844,3,male,Dead,0
844,17,M,S,8.6625,1,845,3,male,Dead,0
845,42,M,S,7.55,1,846,3,male,Dead,0
846,29,M,S,69.55,11,847,3,male,Dead,0
847,35,M,C,7.8958,1,848,3,male,Dead,0
848,28,M,S,33.0,2,849,2,male,Dead,0
849,29,C,C,89.1042,2,850,1,female,Alive,1
850,4,M,S,31.275,7,851,3,male,Dead,0
851,74,M,S,7.775,1,852,3,male,Dead,0
852,9,M,C,15.2458,3,853,3,female,Dead,0
853,16,D,S,39.4,2,854,1,female,Alive,1
854,44,M,S,26.0,2,855,2,female,Dead,0
855,18,M,S,9.35,2,856,3,female,Alive,1
856,45,M,S,164.8667,3,857,1,female,Alive,1
857,51,E,S,26.55,1,858,1,male,Alive,1
858,24,M,C,19.2583,4,859,3,female,Alive,1
859,29,M,C,7.2292,1,860,3,male,Dead,0
860,41,M,S,14.1083,3,861,3,male,Dead,0
861,21,M,S,11.5,2,862,2,male,Dead,0
862,48,D,S,25.9292,1,863,1,female,Alive,1
863,29,M,S,69.55,11,864,3,female,Dead,0
864,24,M,S,13.0,1,865,2,male,Dead,0
865,42,M,S,13.0,1,866,2,female,Alive,1
866,27,M,C,13.8583,2,867,2,female,Alive,1
867,31,A,S,50.4958,1,868,1,male,Dead,0
868,29,M,S,9.5,1,869,3,male,Dead,0
869,4,M,S,11.1333,3,870,3,male,Alive,1
870,26,M,S,7.8958,1,871,3,male,Dead,0
871,47,D,S,52.5542,3,872,1,female,Alive,1
872,33,B,S,5.0,1,873,1,male,Dead,0
873,47,M,S,9.0,1,874,3,male,Dead,0
874,28,M,C,24.0,2,875,2,female,Alive,1
875,15,M,C,7.225,1,876,3,female,Alive,1
876,20,M,S,9.8458,1,877,3,male,Dead,0
877,19,M,S,7.8958,1,878,3,male,Dead,0
878,29,M,S,7.8958,1,879,3,male,Dead,0
879,56,C,C,83.1583,2,880,1,female,Alive,1
880,25,M,S,26.0,2,881,2,female,Alive,1
881,33,M,S,7.8958,1,882,3,male,Dead,0
882,22,M,S,10.5167,1,883,3,female,Dead,0
883,28,M,S,10.5,1,884,2,male,Dead,0
884,25,M,S,7.05,1,885,3,male,Dead,0
885,39,M,Q,29.125,6,886,3,female,Dead,0
886,27,M,S,13.0,1,887,2,male,Dead,0
887,19,B,S,30.0,1,888,1,female,Alive,1
888,29,M,S,23.45,4,889,3,female,Dead,0
889,26,C,C,30.0,1,890,1,male,Alive,1
890,32,M,Q,7.75,1,891,3,male,Dead,0
891,34,M,Q,7.8292,1,892,3,male,Dead,0
892,47,M,S,7.0,2,893,3,female,Alive,1
893,62,M,Q,9.6875,1,894,2,male,Dead,0
894,27,M,S,8.6625,1,895,3,male,Dead,0
895,22,M,S,12.2875,3,896,3,female,Alive,1
896,14,M,S,9.225,1,897,3,male,Dead,0
897,30,M,Q,7.6292,1,898,3,female,Alive,1
898,26,M,S,29.0,3,899,2,male,Dead,0
899,18,M,C,7.2292,1,900,3,female,Alive,1
900,21,M,S,24.15,3,901,3,male,Dead,0
901,29,M,S,7.8958,1,902,3,male,Dead,0
902,46,M,S,26.0,1,903,1,male,Dead,0
903,23,B,S,82.2667,2,904,1,female,Alive,1
904,63,M,S,26.0,2,905,2,male,Dead,0
905,47,E,S,61.175,2,906,1,female,Alive,1
906,24,M,C,27.7208,2,907,2,female,Alive,1
907,35,M,Q,12.35,1,908,2,male,Dead,0
908,21,M,C,7.225,1,909,3,male,Dead,0
909,27,M,S,7.925,2,910,3,female,Alive,1
910,45,M,C,7.225,1,911,3,female,Alive,1
911,55,M,C,59.4,2,912,1,male,Dead,0
912,9,M,S,3.1708,2,913,3,male,Dead,0
913,29,M,S,31.6833,1,914,1,female,Alive,1
914,21,M,C,61.3792,2,915,1,male,Dead,0
915,48,B,C,262.375,5,916,1,female,Alive,1
916,50,M,S,14.5,2,917,3,male,Dead,0
917,22,B,C,61.9792,2,918,1,female,Alive,1
918,22,M,C,7.225,1,919,3,male,Dead,0
919,41,A,S,30.5,1,920,1,male,Dead,0
920,29,M,C,21.6792,3,921,3,male,Dead,0
921,50,M,S,26.0,2,922,2,male,Dead,0
922,24,M,S,31.5,3,923,2,male,Dead,0
923,33,M,S,20.575,4,924,3,female,Alive,1
924,29,M,S,23.45,4,925,3,female,Alive,1
925,30,C,C,57.75,2,926,1,male,Dead,0
926,18,M,C,7.2292,1,927,3,male,Dead,0
927,29,M,S,8.05,1,928,3,female,Alive,1
928,21,M,S,8.6625,1,929,3,female,Alive,1
929,25,M,S,9.5,1,930,3,male,Dead,0
930,29,M,S,56.4958,1,931,3,male,Dead,0
931,39,M,C,13.4167,2,932,3,male,Dead,0
932,29,D,S,26.55,1,933,1,male,Dead,0
933,41,M,S,7.85,1,934,3,male,Dead,0
934,30,M,S,13.0,1,935,2,female,Alive,1
935,45,D,S,52.5542,2,936,1,female,Alive,1
936,25,M,S,7.925,1,937,3,male,Dead,0
937,45,A,C,29.7,1,938,1,male,Dead,0
938,29,M,Q,7.75,1,939,3,male,Dead,0
939,60,D,C,76.2917,1,940,1,female,Alive,1
940,36,M,S,15.9,3,941,3,female,Alive,1
941,24,C,S,60.0,2,942,1,male,Dead,0
942,27,M,C,15.0333,1,943,2,male,Dead,0
943,20,M,S,23.0,4,944,2,female,Alive,1
944,28,C,S,263.0,6,945,1,female,Alive,1
945,29,M,C,15.5792,1,946,2,male,Dead,0
946,10,M,Q,29.125,6,947,3,male,Dead,0
947,35,M,S,7.8958,1,948,3,male,Dead,0
948,25,F,S,7.65,1,949,3,male,Dead,0
949,29,M,S,16.1,2,950,3,male,Dead,0
950,36,B,C,262.375,1,951,1,female,Alive,1
951,17,M,S,7.8958,1,952,3,male,Dead,0
952,32,M,S,13.5,1,953,2,male,Dead,0
953,18,M,S,7.75,1,954,3,male,Dead,0
954,22,M,Q,7.725,1,955,3,female,Alive,1
955,13,B,C,262.375,5,956,1,male,Dead,0
956,29,M,S,21.0,1,957,2,female,Alive,1
957,18,M,Q,7.8792,1,958,3,female,Alive,1
958,47,M,S,42.4,1,959,1,male,Dead,0
959,31,C,C,28.5375,1,960,1,male,Dead,0
960,60,C,S,263.0,6,961,1,female,Alive,1
961,24,M,Q,7.75,1,962,3,female,Alive,1
962,21,M,S,7.8958,1,963,3,male,Dead,0
963,29,M,S,7.925,1,964,3,female,Alive,1
964,28,D,C,27.7208,1,965,1,male,Dead,0
965,35,C,C,211.5,1,966,1,female,Alive,1
966,32,C,C,211.5,1,967,1,male,Dead,0
967,29,M,S,8.05,1,968,3,male,Dead,0
968,55,C,S,25.7,3,969,1,female,Alive,1
969,30,M,S,13.0,1,970,2,male,Dead,0
970,24,M,Q,7.75,1,971,3,female,Alive,1
971,6,M,C,15.2458,3,972,3,male,Dead,0
972,67,C,S,221.7792,2,973,1,male,Dead,0
973,49,M,S,26.0,1,974,1,male,Dead,0
974,29,M,S,7.8958,1,975,3,male,Dead,0
975,29,M,Q,10.7083,1,976,2,male,Dead,0
976,29,M,C,14.4542,2,977,3,male,Dead,0
977,27,M,Q,7.8792,1,978,3,female,Alive,1
978,18,M,S,8.05,1,979,3,female,Alive,1
979,29,M,Q,7.75,1,980,3,female,Alive,1
980,2,M,S,23.0,3,981,2,male,Dead,0
981,22,M,S,13.9,2,982,3,female,Alive,1
982,29,M,S,7.775,1,983,3,male,Dead,0
983,27,B,S,52.0,4,984,1,female,Alive,1
984,29,M,S,8.05,1,985,3,male,Dead,0
985,25,M,C,26.0,1,986,1,male,Dead,0
986,25,M,S,7.7958,1,987,3,male,Dead,0
987,76,C,S,78.85,2,988,1,female,Alive,1
988,29,M,S,7.925,1,989,3,male,Dead,0
989,20,M,S,7.8542,1,990,3,female,Alive,1
990,33,M,S,8.05,1,991,3,male,Dead,0
991,43,C,C,55.4417,2,992,1,female,Alive,1
992,27,M,S,26.0,2,993,2,male,Dead,0
993,29,M,Q,7.75,1,994,3,male,Dead,0
994,26,M,S,7.775,1,995,3,male,Dead,0
995,16,M,C,8.5167,3,996,3,female,Alive,1
996,28,M,S,22.525,1,997,3,male,Dead,0
997,21,M,Q,7.8208,1,998,3,male,Dead,0
998,29,M,Q,7.75,1,999,3,male,Dead,0
999,29,M,S,8.7125,1,1000,3,male,Dead,0
1000,18,F,S,13.0,1,1001,2,male,Dead,0
1001,41,M,C,15.0458,1,1002,2,male,Dead,0
1002,29,M,Q,7.7792,1,1003,3,female,Alive,1
1003,36,A,C,31.6792,1,1004,1,female,Alive,1
1004,18,M,Q,7.2833,1,1005,3,female,Alive,1
1005,63,C,S,221.7792,2,1006,1,female,Alive,1
1006,18,M,C,14.4542,2,1007,3,male,Dead,0
1007,29,M,C,6.4375,1,1008,3,male,Dead,0
1008,1,G,S,16.7,3,1009,3,female,Alive,1
1009,36,C,C,75.2417,1,1010,1,male,Dead,0
1010,29,M,S,26.0,2,1011,2,female,Alive,1
1011,12,M,S,15.75,1,1012,2,female,Alive,1
1012,29,M,Q,7.75,2,1013,3,male,Dead,0
1013,35,C,C,57.75,2,1014,1,female,Alive,1
1014,28,M,S,7.25,1,1015,3,male,Dead,0
1015,29,M,Q,7.75,1,1016,3,male,Dead,0
1016,17,M,S,16.1,2,1017,3,female,Alive,1
1017,22,M,S,7.7958,1,1018,3,male,Dead,0
1018,29,M,Q,23.25,3,1019,3,female,Alive,1
1019,42,M,S,13.0,1,1020,2,male,Dead,0
1020,24,M,S,8.05,1,1021,3,male,Dead,0
1021,32,M,S,8.05,1,1022,3,male,Dead,0
1022,53,C,C,28.5,1,1023,1,male,Dead,0
1023,29,M,S,25.4667,5,1024,3,female,Alive,1
1024,29,M,C,6.4375,2,1025,3,male,Dead,0
1025,43,M,S,7.8958,1,1026,3,male,Dead,0
1026,24,M,S,7.8542,1,1027,3,male,Dead,0
1027,26,M,C,7.225,1,1028,3,male,Dead,0
1028,26,M,S,13.0,1,1029,2,male,Dead,0
1029,23,M,S,8.05,1,1030,3,female,Alive,1
1030,40,M,S,46.9,8,1031,3,male,Dead,0
1031,10,M,S,46.9,8,1032,3,female,Alive,1
1032,33,M,S,151.55,1,1033,1,female,Alive,1
1033,61,B,C,262.375,5,1034,1,male,Dead,0
1034,28,M,S,26.0,1,1035,2,male,Dead,0
1035,42,M,S,26.55,1,1036,1,male,Dead,0
1036,31,M,S,18.0,4,1037,3,male,Dead,0
1037,29,E,S,51.8625,1,1038,1,male,Dead,0
1038,22,M,S,8.05,1,1039,3,male,Dead,0
1039,29,M,S,26.55,1,1040,1,male,Dead,0
1040,30,M,S,26.0,3,1041,2,male,Dead,0
1041,23,C,C,83.1583,2,1042,1,female,Alive,1
1042,29,M,C,7.8958,1,1043,3,male,Dead,0
1043,60,M,S,10.060136781609208,1,1044,3,male,Dead,0
1044,36,M,S,12.1833,3,1045,3,female,Alive,1
1045,13,M,S,31.3875,7,1046,3,male,Dead,0
1046,24,M,S,7.55,1,1047,3,male,Dead,0
1047,29,C,S,221.7792,1,1048,1,female,Alive,1
1048,23,M,S,7.8542,1,1049,3,female,Alive,1
1049,42,D,S,26.55,1,1050,1,male,Dead,0
1050,26,M,S,13.775,3,1051,3,female,Alive,1
1051,29,M,Q,7.7333,1,1052,3,female,Alive,1
1052,7,M,C,15.2458,3,1053,3,male,Dead,0
1053,26,M,S,13.5,1,1054,2,female,Alive,1
1054,29,M,S,7.0,1,1055,3,male,Dead,0
1055,41,M,S,13.0,1,1056,2,male,Dead,0
1056,26,M,S,22.025,3,1057,3,female,Alive,1
1057,48,B,C,50.4958,1,1058,1,male,Dead,0
1058,18,M,S,34.375,5,1059,3,male,Dead,0
1059,29,M,C,27.7208,1,1060,1,female,Alive,1
1060,22,M,S,8.9625,1,1061,3,female,Alive,1
1061,29,M,S,7.55,1,1062,3,male,Dead,0
1062,27,M,C,7.225,1,1063,3,male,Dead,0
1063,23,M,S,13.9,2,1064,3,male,Dead,0
1064,29,M,C,7.2292,1,1065,3,male,Dead,0
1065,40,M,S,31.3875,7,1066,3,male,Dead,0
1066,15,M,S,39.0,3,1067,2,female,Alive,1
1067,20,M,S,36.75,1,1068,2,female,Alive,1
1068,54,C,C,55.4417,2,1069,1,male,Dead,0
1069,36,F,S,39.0,4,1070,2,female,Alive,1
1070,64,E,C,83.1583,3,1071,1,female,Alive,1
1071,30,M,S,13.0,1,1072,2,male,Dead,0
1072,37,E,C,83.1583,3,1073,1,male,Dead,0
1073,18,D,S,53.1,2,1074,1,female,Alive,1
1074,29,M,Q,7.75,1,1075,3,male,Dead,0
1075,27,B,C,247.5208,3,1076,1,female,Alive,1
1076,40,M,S,16.0,1,1077,2,male,Dead,0
1077,21,M,S,21.0,2,1078,2,female,Alive,1
1078,17,M,S,8.05,3,1079,3,male,Dead,0
1079,29,M,S,69.55,11,1080,3,female,Alive,1
1080,40,M,S,13.0,1,1081,2,male,Dead,0
1081,34,M,S,26.0,2,1082,2,male,Dead,0
1082,29,M,S,26.0,1,1083,1,male,Dead,0
1083,11,M,S,14.5,3,1084,3,male,Dead,0
1084,61,M,Q,12.35,1,1085,2,male,Dead,0
1085,8,M,S,32.5,3,1086,2,male,Dead,0
1086,33,M,S,7.8542,1,1087,3,male,Dead,0
1087,6,E,C,134.5,3,1088,1,male,Dead,0
1088,18,M,S,7.775,1,1089,3,female,Alive,1
1089,23,M,S,10.5,1,1090,2,male,Dead,0
1090,29,M,S,8.1125,1,1091,3,female,Alive,1
1091,29,M,Q,15.5,1,1092,3,female,Alive,1
1092,0,M,S,14.4,3,1093,3,male,Dead,0
1093,47,C,C,227.525,2,1094,1,male,Dead,0
1094,8,M,S,26.0,3,1095,2,female,Alive,1
1095,25,M,S,10.5,1,1096,2,male,Dead,0
1096,29,M,C,25.7417,1,1097,1,male,Dead,0
1097,35,M,Q,7.75,1,1098,3,female,Alive,1
1098,24,M,S,10.5,1,1099,2,male,Dead,0
1099,33,A,C,27.7208,1,1100,1,female,Alive,1
1100,25,M,S,7.8958,1,1101,3,male,Dead,0
1101,32,M,S,22.525,1,1102,3,male,Dead,0
1102,29,M,S,7.05,1,1103,3,male,Dead,0
1103,17,M,S,73.5,1,1104,2,male,Dead,0
1104,60,M,S,26.0,2,1105,2,female,Alive,1
1105,38,M,S,7.775,7,1106,3,female,Alive,1
1106,42,B,S,42.5,1,1107,1,male,Dead,0
1107,29,M,Q,7.8792,1,1108,3,female,Alive,1
1108,57,M,S,164.8667,3,1109,1,male,Dead,0
1109,50,C,C,211.5,3,1110,1,female,Alive,1
1110,29,M,S,8.05,1,1111,3,male,Dead,0
1111,30,M,C,13.8583,2,1112,2,female,Alive,1
1112,21,M,S,8.05,1,1113,3,male,Dead,0
1113,22,F,S,10.5,1,1114,2,female,Alive,1
1114,21,M,S,7.7958,1,1115,3,male,Dead,0
1115,53,M,C,27.4458,1,1116,1,female,Alive,1
1116,29,M,C,15.2458,3,1117,3,female,Alive,1
1117,23,M,S,7.7958,1,1118,3,male,Dead,0
1118,29,M,Q,7.75,1,1119,3,female,Alive,1
1119,40,M,S,15.1,1,1120,3,male,Dead,0
1120,36,M,S,13.0,1,1121,2,male,Dead,0
1121,14,M,S,65.0,1,1122,2,male,Dead,0
1122,21,M,S,26.55,1,1123,1,female,Alive,1
1123,21,M,S,6.4958,2,1124,3,male,Dead,0
1124,29,M,Q,7.8792,1,1125,3,male,Dead,0
1125,39,C,C,71.2833,2,1126,1,male,Dead,0
1126,20,M,S,7.8542,1,1127,3,male,Dead,0
1127,64,D,C,75.25,2,1128,1,male,Dead,0
1128,20,M,C,7.225,1,1129,3,male,Dead,0
1129,18,M,S,13.0,3,1130,2,female,Alive,1
1130,48,C,C,106.425,2,1131,1,female,Alive,1
1131,55,M,C,27.7208,1,1132,1,female,Alive,1
1132,45,M,S,30.0,3,1133,2,female,Alive,1
1133,45,E,C,134.5,3,1134,1,male,Dead,0
1134,29,M,S,7.8875,1,1135,3,male,Dead,0
1135,29,M,S,23.45,4,1136,3,male,Dead,0
1136,41,D,S,51.8625,2,1137,1,male,Dead,0
1137,22,M,S,21.0,1,1138,2,female,Alive,1
1138,42,M,S,32.5,3,1139,2,male,Dead,0
1139,29,M,S,26.0,2,1140,2,female,Alive,1
1140,29,M,C,14.4542,2,1141,3,female,Alive,1
1141,0,M,S,27.75,4,1142,2,female,Alive,1
1142,20,M,S,7.925,1,1143,3,male,Dead,0
1143,27,C,C,136.7792,2,1144,1,male,Dead,0
1144,24,M,S,9.325,1,1145,3,male,Dead,0
1145,32,M,S,9.5,1,1146,3,male,Dead,0
1146,29,M,S,7.55,1,1147,3,male,Dead,0
1147,29,M,Q,7.75,1,1148,3,male,Dead,0
1148,28,M,S,8.05,1,1149,3,male,Dead,0
1149,19,M,S,13.0,1,1150,2,female,Alive,1
1150,21,M,S,7.775,1,1151,3,male,Dead,0
1151,36,M,S,17.4,2,1152,3,male,Dead,0
1152,21,M,S,7.8542,1,1153,3,male,Dead,0
1153,29,M,S,23.0,3,1154,2,female,Alive,1
1154,1,M,S,12.1833,3,1155,3,female,Alive,1
1155,30,M,C,12.7375,1,1156,2,male,Dead,0
1156,29,M,S,7.8958,1,1157,3,male,Dead,0
1157,29,M,S,0.0,1,1158,1,male,Dead,0
1158,29,M,S,7.55,1,1159,3,male,Dead,0
1159,29,M,S,8.05,1,1160,3,female,Alive,1
1160,17,M,S,8.6625,1,1161,3,male,Dead,0
1161,46,C,C,75.2417,1,1162,1,male,Dead,0
1162,29,M,Q,7.75,1,1163,3,male,Dead,0
1163,26,C,C,136.7792,2,1164,1,female,Alive,1
1164,29,M,Q,15.5,2,1165,3,female,Alive,1
1165,29,M,C,7.225,1,1166,3,male,Dead,0
1166,20,M,S,26.0,2,1167,2,female,Alive,1
1167,28,M,S,10.5,1,1168,2,male,Dead,0
1168,40,M,S,26.0,2,1169,2,male,Dead,0
1169,30,M,S,21.0,2,1170,2,male,Dead,0
1170,22,M,S,10.5,1,1171,2,male,Dead,0
1171,23,M,S,8.6625,1,1172,3,female,Alive,1
1172,0,M,S,13.775,3,1173,3,male,Dead,0
1173,29,M,Q,7.75,1,1174,3,female,Alive,1
1174,9,M,C,15.2458,3,1175,3,female,Alive,1
1175,2,M,S,20.2125,3,1176,3,female,Alive,1
1176,36,M,S,7.25,1,1177,3,male,Dead,0
1177,29,M,S,7.25,1,1178,3,male,Dead,0
1178,24,B,S,82.2667,2,1179,1,male,Dead,0
1179,29,F,C,7.2292,1,1180,3,male,Dead,0
1180,29,M,S,8.05,1,1181,3,male,Dead,0
1181,29,M,S,39.6,1,1182,1,male,Dead,0
1182,30,M,Q,6.95,1,1183,3,female,Alive,1
1183,29,M,C,7.2292,1,1184,3,male,Dead,0
1184,53,A,S,81.8583,3,1185,1,male,Dead,0
1185,36,M,S,9.5,1,1186,3,male,Dead,0
1186,26,M,S,7.8958,1,1187,3,male,Dead,0
1187,1,M,C,41.5792,4,1188,2,female,Alive,1
1188,29,M,C,21.6792,3,1189,3,male,Dead,0
1189,30,M,S,45.5,1,1190,1,male,Dead,0
1190,29,M,S,7.8542,1,1191,3,male,Dead,0
1191,32,M,S,7.775,1,1192,3,male,Dead,0
1192,29,D,C,15.0458,1,1193,2,male,Dead,0
1193,43,M,S,21.0,2,1194,2,male,Dead,0
1194,24,M,S,8.6625,1,1195,3,male,Dead,0
1195,29,M,Q,7.75,1,1196,3,female,Alive,1
1196,64,B,S,26.55,3,1197,1,female,Alive,1
1197,30,C,S,151.55,4,1198,1,male,Dead,0
1198,0,M,S,9.35,2,1199,3,male,Dead,0
1199,55,B,S,93.5,3,1200,1,male,Dead,0
1200,45,M,S,14.1083,2,1201,3,female,Alive,1
1201,18,M,S,8.6625,1,1202,3,male,Dead,0
1202,22,M,C,7.225,1,1203,3,male,Dead,0
1203,29,M,S,7.575,1,1204,3,male,Dead,0
1204,37,M,Q,7.75,1,1205,3,female,Alive,1
1205,55,C,C,135.6333,1,1206,1,female,Alive,1
1206,17,M,Q,7.7333,1,1207,3,female,Alive,1
1207,57,B,C,146.5208,2,1208,1,male,Dead,0
1208,19,M,S,10.5,1,1209,2,male,Dead,0
1209,27,M,S,7.8542,1,1210,3,male,Dead,0
1210,22,M,S,31.5,3,1211,2,male,Dead,0
1211,26,M,S,7.775,1,1212,3,male,Dead,0
1212,25,F,C,7.2292,1,1213,3,male,Dead,0
1213,26,F,S,13.0,1,1214,2,male,Dead,0
1214,33,M,S,26.55,1,1215,1,male,Dead,0
1215,39,M,S,211.3375,1,1216,1,female,Alive,1
1216,23,M,S,7.05,1,1217,3,male,Dead,0
1217,12,F,S,39.0,4,1218,2,female,Alive,1
1218,46,M,C,79.2,1,1219,1,male,Dead,0
1219,29,M,S,26.0,2,1220,2,male,Dead,0
1220,21,M,S,13.0,1,1221,2,male,Dead,0
1221,48,M,S,36.75,3,1222,2,female,Alive,1
1222,39,A,C,29.7,1,1223,1,male,Dead,0
1223,29,M,C,7.225,1,1224,3,male,Dead,0
1224,19,M,C,15.7417,3,1225,3,female,Alive,1
1225,27,M,S,7.8958,1,1226,3,male,Dead,0
1226,30,C,S,26.0,1,1227,1,male,Dead,0
1227,32,M,S,13.0,1,1228,2,male,Dead,0
1228,39,M,C,7.2292,3,1229,3,male,Dead,0
1229,25,M,S,31.5,1,1230,2,male,Dead,0
1230,29,M,C,7.2292,1,1231,3,male,Dead,0
1231,18,M,S,10.5,1,1232,2,male,Dead,0
1232,32,M,S,7.5792,1,1233,3,male,Dead,0
1233,29,M,S,69.55,11,1234,3,male,Dead,0
1234,58,B,C,512.3292,2,1235,1,female,Alive,1
1235,29,M,S,14.5,3,1236,3,male,Dead,0
1236,16,M,S,7.65,1,1237,3,female,Alive,1
1237,26,M,S,13.0,1,1238,2,male,Dead,0
1238,38,M,C,7.2292,1,1239,3,female,Alive,1
1239,24,M,S,13.5,1,1240,2,male,Dead,0
1240,31,M,S,21.0,1,1241,2,female,Alive,1
1241,45,D,C,63.3583,2,1242,1,female,Alive,1
1242,25,M,S,10.5,1,1243,2,male,Dead,0
1243,18,M,S,73.5,1,1244,2,male,Dead,0
1244,49,M,S,65.0,4,1245,2,male,Dead,0
1245,0,M,S,20.575,4,1246,3,female,Alive,1
1246,50,E,S,26.0,1,1247,1,male,Dead,0
1247,59,C,S,51.4792,3,1248,1,female,Alive,1
1248,29,M,S,7.8792,1,1249,3,male,Dead,0
1249,29,M,Q,7.75,1,1250,3,male,Dead,0
1250,30,M,S,15.55,2,1251,3,female,Alive,1
1251,14,M,S,69.55,11,1252,3,male,Dead,0
1252,24,M,C,37.0042,3,1253,2,female,Alive,1
1253,31,M,S,21.0,1,1254,2,female,Alive,1
1254,27,M,S,8.6625,1,1255,3,male,Dead,0
1255,25,E,C,55.4417,2,1256,1,female,Alive,1
1256,29,M,S,69.55,11,1257,3,female,Alive,1
1257,29,M,C,14.4583,2,1258,3,male,Dead,0
1258,22,M,S,39.6875,1,1259,3,female,Alive,1
1259,45,M,C,59.4,2,1260,1,female,Alive,1
1260,29,M,C,13.8583,1,1261,2,male,Dead,0
1261,21,M,S,11.5,2,1262,2,male,Dead,0
1262,31,E,C,134.5,1,1263,1,female,Alive,1
1263,49,B,S,0.0,1,1264,1,male,Dead,0
1264,44,M,S,13.0,1,1265,2,male,Dead,0
1265,54,A,S,81.8583,3,1266,1,female,Alive,1
1266,45,M,C,262.375,1,1267,1,female,Alive,1
1267,22,M,S,8.6625,3,1268,3,female,Alive,1
1268,21,M,S,11.5,1,1269,2,male,Dead,0
1269,55,C,S,50.0,1,1270,1,male,Dead,0
1270,5,M,S,31.3875,7,1271,3,male,Dead,0
1271,29,M,Q,7.75,1,1272,3,male,Dead,0
1272,26,M,Q,7.8792,1,1273,3,male,Dead,0
1273,29,M,S,14.5,1,1274,3,female,Alive,1
1274,19,M,S,16.1,2,1275,3,female,Alive,1
1275,29,M,S,12.875,1,1276,2,male,Dead,0
1276,24,M,S,65.0,4,1277,2,female,Alive,1
1277,24,M,S,7.775,1,1278,3,male,Dead,0
1278,57,M,S,13.0,1,1279,2,male,Dead,0
1279,21,M,Q,7.75,1,1280,3,male,Dead,0
1280,6,M,S,21.075,5,1281,3,male,Dead,0
1281,23,B,S,93.5,1,1282,1,male,Dead,0
1282,51,D,S,39.4,2,1283,1,female,Alive,1
1283,13,M,S,20.25,3,1284,3,male,Dead,0
1284,47,M,S,10.5,1,1285,2,male,Dead,0
1285,29,M,S,22.025,5,1286,3,male,Dead,0
1286,18,C,S,60.0,2,1287,1,female,Alive,1
1287,24,M,Q,7.25,1,1288,3,male,Dead,0
1288,48,B,C,79.2,3,1289,1,female,Alive,1
1289,22,M,S,7.775,1,1290,3,male,Dead,0
1290,31,M,Q,7.7333,1,1291,3,male,Dead,0
1291,30,C,S,164.8667,1,1292,1,female,Alive,1
1292,38,M,S,21.0,2,1293,2,male,Dead,0
1293,22,M,C,59.4,2,1294,1,female,Alive,1
1294,17,M,S,47.1,1,1295,1,male,Dead,0
1295,43,D,C,27.7208,2,1296,1,male,Dead,0
1296,20,D,C,13.8625,1,1297,2,male,Dead,0
1297,23,M,S,10.5,2,1298,2,male,Dead,0
1298,50,C,C,211.5,3,1299,1,male,Dead,0
1299,29,M,Q,7.7208,1,1300,3,female,Alive,1
1300,3,M,S,13.775,3,1301,3,female,Alive,1
1301,29,M,Q,7.75,1,1302,3,female,Alive,1
1302,37,C,Q,90.0,2,1303,1,female,Alive,1
1303,28,M,S,7.775,1,1304,3,female,Alive,1
1304,29,M,S,8.05,1,1305,3,male,Dead,0
1305,39,C,C,108.9,1,1306,1,female,Alive,1
1306,38,M,S,7.25,1,1307,3,male,Dead,0
1307,29,M,S,8.05,1,1308,3,male,Dead,0
1308,29,M,C,22.3583,3,1309,3,male,Dead,0
